{"accuracy": 0.9146757679180887, "f1_score": 0.031007751937984496, "feature_importance": [0.153165106076241, 0.322183584679582, 0.10690678499313817, 0.08524186192215141, 0.017349138787044555, 0.013768441909111355, 0.01806080336988797, 0.029156989297121627, 0.040383452990762375, 0.03230569732400039, 0.025159663405520675, 0.06104004506693874, 0.03935001808040039, 0.016588261365922886, 0.039340150732176456], "feature_names": ["email_21", "messenger_21", "blog_21", "cloud_21", "call_check_21", "service_purchase_21", "money_transfer_21", "cradit_card_21", "agency_purchase_21", "machine_purchase_21", "phone_owner_21", "data_21", "dmb_21", "agency_21", "voice_service_21", "data_service_21", "use_date_21", "brand_21", "age_21", "school_21", "marry_21", "salary_21", "job_21", "religion_21"]}