{"accuracy": 0.918809201623816, "f1_score": 0.047619047619047616, "feature_importance": [0.11277454813250096, 0.24219283354620172, 0.030616401490961006, 0.11960289084980442, 0.08309924463351681, 0.025516019988827833, 0.08150676218818348, 0.2490649694877869, 0.0293935450676377, 0.026232784614579032], "feature_names": ["machine_purchase_21", "agency_purchase_21", "data_service_21", "salary_21", "age_21", "cloud_21", "service_purchase_21", "use_date_21", "phone_owner_21", "money_transfer_21"]}