{"accuracy": 0.9215017064846417, "f1_score": 0.049586776859504134, "feature_importance": [0.12501831602186358, 0.24456242303101763, 0.027807035901589276, 0.10690957411439707, 0.09201816238829266, 0.025207889200563122, 0.07485766191177008, 0.25515486829368916, 0.025346051534963058, 0.0231180176018543], "feature_names": ["machine_purchase_21", "agency_purchase_21", "data_service_21", "salary_21", "age_21", "cloud_21", "service_purchase_21", "use_date_21", "phone_owner_21", "money_transfer_21"]}