{"accuracy": 0.9139931740614334, "f1_score": 0.08695652173913043, "feature_importance": [0.08235272765159607, 0.08451375365257263, 0.10600883513689041, 0.08369745314121246, 0.16146136820316315, 0.08855663985013962, 0.10032965242862701, 0.0853731781244278, 0.1074180006980896, 0.10028839856386185], "feature_names": ["machine_purchase_21", "agency_purchase_21", "data_service_21", "salary_21", "age_21", "cloud_21", "service_purchase_21", "use_date_21", "phone_owner_21", "money_transfer_21"]}