{"accuracy": 0.6655290102389079, "f1_score": 0.32320441988950277, "feature_importance": [0.03199314326047897, 0.03370731323957443, 0.08980941027402878, 0.03716576471924782, 0.046333976089954376, 0.05396144464612007, 0.04675554484128952, 0.057470377534627914, 0.03244040906429291, 0.05347494035959244, 0.045090239495038986, 0.04546899348497391, 0.15459807217121124, 0.0752233937382698, 0.08348339796066284, 0.04018672928214073, 0.0357971265912056, 0.03703974932432175], "feature_names": ["agency", "call_check", "dmb", "telecom_service_score", "voice_service", "data", "cradit_card", "data_service", "marry", "total_service_score", "lifecycle_score", "service_purchase", "age", "email", "religion", "financial_service_score", "device_to_income_ratio", "use_date"]}